20260616T,29264,29264,29264,29264
20260619T,29783,29783,29783,29783
20260622T,29768,29768,29768,29768
20260623T,29953,29953,29953,29953
20260624T,29494,29494,29494,29494
20260625T,29381,29381,29381,29381
20260626T,29470,29470,29470,29470
20260702T,29705,29705,29705,29705
20260703T,29344,29344,29344,29344
20260708T,29261,29261,29261,29261
20260709T,29209,29209,29209,29209
20260710T,29460,29460,29460,29460
20260713T,29557,29557,29557,29557
20260714T,29367,29367,29367,29367
20260715T,29571,29571,29571,29571
